Time,ID,Lat,Lon,Alt,#WiFi networks,SSID1,MAC1,Frequency1,Signal1,SSID2,MAC2,Frequency2,Signal2,SSID3,MAC3,Frequency3,Signal3,SSID4,MAC4,Frequency4,Signal4,SSID5,MAC5,Frequency5,Signal5,SSID6,MAC6,Frequency6,Signal6,SSID7,MAC7,Frequency7,Signal7,SSID8,MAC8,Frequency8,Signal8,SSID9,MAC9,Frequency9,Signal9,SSID10,MAC10,Frequency10,Signal10,
2017-10-27 16:16:45,SHIELD Tablet,32.16766121892341,34.80988155918773,39.018065819940986,10,HOTBOX-D1D7,fc:b4:e6:cf:d1:dd,1,-77, 888Corp,0a:8d:db:6e:71:6d,1,-79, 888Guest,02:8d:db:6e:71:bf,1,-80, 888Free,06:8d:db:6e:71:6d,1,-81, 888Guest,02:8d:db:6e:71:6d,1,-81, Mouly,7c:b7:33:2e:76:73,11,-83, 888Corp,0a:8d:db:6e:71:bf,1,-86, 888Free,06:8d:db:6e:71:bf,1,-86, 888Corp,0a:8d:db:6e:71:be,11,-87, smartsell,78:e8:b6:69:2a:e9,11,-87
2017-10-27 16:17:01,SHIELD Tablet,32.167671222901205,34.80992484668563,39.29407685136998,10,888Corp,0a:8d:db:6e:71:bf,1,-79, 888Free,06:8d:db:6e:71:bf,1,-81, Shaked-Guest WiFi,b0:aa:77:f1:3a:68,11,-81, 888Corp,0a:8d:db:6e:71:be,11,-81, DIRECT-a8-HP M477 LaserJet,aa:6b:ad:04:c6:a8,6,-86, 888Free,06:8d:cb:6e:71:bf,44,-90, 888Guest,02:8d:cb:6e:71:bf,44,-90, KaymeraDev,cc:16:7e:97:1d:91,1,-93, Efrat Networks MM,94:f6:65:5b:b2:28,5,-94, 888Corp,0a:8d:db:6e:71:26,6,-95
2017-10-27 16:18:38,SHIELD Tablet,32.16752947325414,34.80970275770306,44.784206538209546,10,888Corp,0a:8d:db:6e:71:c1,11,-83, 888Free,06:8d:db:6e:71:c1,11,-84, lavel-2,74:da:39:b9:a7:bd,2,-87, Efrat Networks MM,94:f6:65:5b:b2:28,5,-89, 888Free,06:8d:cb:6e:71:6d,44,-89, 888Guest,02:8d:cb:6e:71:6d,44,-89, Guest Neetwork MM,94:f6:65:1b:b2:28,5,-89, iFOREX,f8:d1:11:b1:92:93,13,-90, lavel-2,74:da:38:ae:91:7b,2,-90, INGENEO,cc:b2:55:e8:4c:e6,6,-95
2017-10-27 16:18:50,SHIELD Tablet,32.16689631014436,34.80888987334706,42.95830812528492,6,888Free,06:8d:db:6e:71:bf,1,-87, DIRECT-a8-HP M477 LaserJet,aa:6b:ad:04:c6:a8,6,-88, 888Free,06:8d:cb:6e:71:bf,44,-89, 888Guest,02:8d:cb:6e:71:bf,44,-89, 888Corp,0a:8d:db:6e:71:be,11,-90, 888Corp,0a:8d:db:6e:71:26,6,-97
2017-10-27 16:18:53,SHIELD Tablet,32.166882698884585,34.808879325364,42.88970818374659,10,HP-Print-A0-LaserJet Pro MFP,30:f7:72:6e:8e:a0,6,-79, 888Guest,02:8d:db:6e:71:6d,1,-81, MOULY MAISON,00:78:9e:fa:15:91,1,-84, Mouly,7c:b7:33:2e:76:73,11,-84, RS_GUEST,ec:08:6b:38:0d:0e,12,-86, RS_GUEST,ec:08:6b:38:0d:dd,13,-86, 888Free,06:8d:db:6e:71:6d,1,-88, Training Room,8e:15:44:ac:d4:e4,6,-88, HP-Print-b7-LaserJet 300,34:23:87:36:c9:b7,1,-90, Maxillent,90:6c:ac:60:6c:8b,3,-93
2017-10-27 16:18:59,SHIELD Tablet,32.16690260644389,34.808596256222685,41.92228608379519,7,888Corp,0a:8d:db:6e:71:c1,11,-83, 888Free,06:8d:db:6e:71:c1,11,-84, lavel-2,74:da:39:b9:a7:bd,2,-87, Guest Neetwork MM,94:f6:65:1b:b2:28,5,-89, Efrat Networks MM,94:f6:65:5b:b2:28,5,-89, INGENEO,cc:b2:55:e8:4c:e6,6,-95, HP-Print-f3-LaserJet 300,64:27:37:77:d1:f3,6,-95
2017-10-27 16:19:06,SHIELD Tablet,32.16723639563425,34.807691961442366,41.09150470864094,10,HP-Print-A0-LaserJet Pro MFP,30:f7:72:6e:8e:a0,6,-79, 888Guest,02:8d:db:6e:71:6d,1,-81, MOULY MAISON,00:78:9e:fa:15:91,1,-84, Mouly,7c:b7:33:2e:76:73,11,-84, RS_GUEST,ec:08:6b:38:0d:dd,13,-86, RS_GUEST,ec:08:6b:38:0d:0e,12,-86, Training Room,8e:15:44:ac:d4:e4,6,-88, DIRECT-a8-HP M477 LaserJet,aa:6b:ad:04:c6:a8,6,-88, 888Free,06:8d:db:6e:71:6d,1,-88, HP-Print-b7-LaserJet 300,34:23:87:36:c9:b7,1,-90
2017-10-27 16:19:09,SHIELD Tablet,32.16738290292402,34.80724915968755,41.313957486288615,10,Guest Neetwork MM,94:f6:65:1b:b2:28,5,-87, Efrat Networks MM,94:f6:65:5b:b2:28,5,-88, BERTOC-HOT,e0:ce:c3:8a:ad:63,13,-90, Barda_2,74:da:38:56:ed:e0,1,-93, EL,14:ae:db:3d:b1:52,9,-93, Home.,a0:ab:1b:62:a7:bc,1,-94, Ester_wifi,84:26:15:eb:2d:b3,11,-95, Vexlerar,e4:6f:13:70:97:c4,9,-95, Barda,00:78:9e:fa:dc:f4,1,-96, Rabia,30:b5:c2:bd:52:40,6,-96
2017-10-27 16:19:14,SHIELD Tablet,32.167616982375094,34.80662290618607,41.286480770321894,10,HP-Print-A0-LaserJet Pro MFP,30:f7:72:6e:8e:a0,6,-79, RS_GUEST,ec:08:6b:38:0d:0e,12,-86, Training Room,8e:15:44:ac:d4:e4,6,-88, HP-Print-b7-LaserJet 300,34:23:87:36:c9:b7,1,-90, FlixU,cc:b2:55:e5:ce:f3,6,-93, Maxillent,90:6c:ac:60:6c:8b,3,-93, BlueSnap-Guest-2.4GHz,c0:56:27:a0:6c:9a,3,-93, Rainbow Guest,a2:6c:ac:f3:6a:69,5,-93, Maxillent_Guest,a2:6c:ac:60:6c:8b,3,-94, EL5,14:ae:db:3d:b1:55,48,-94
2017-10-27 16:19:20,SHIELD Tablet,32.1677801004292,34.80620000504734,40.76697715347028,10,Guest Neetwork MM,94:f6:65:1b:b2:28,5,-87, Efrat Networks MM,94:f6:65:5b:b2:28,5,-88, BERTOC-HOT,e0:ce:c3:8a:ad:63,13,-90, Barda_2,74:da:38:56:ed:e0,1,-93, EL,14:ae:db:3d:b1:52,9,-93, Home.,a0:ab:1b:62:a7:bc,1,-94, Ester_wifi,84:26:15:eb:2d:b3,11,-95, Vexlerar,e4:6f:13:70:97:c4,9,-95, Barda,00:78:9e:fa:dc:f4,1,-96, Rabia,30:b5:c2:bd:52:40,6,-96
2017-10-27 16:19:25,SHIELD Tablet,32.16781903373735,34.80613816490372,40.632955766893225,6,Heifes,20:0c:c8:10:c8:11,1,-88, Bezeq Free D02536,72:0c:c8:10:c8:12,1,-89, Annatel_3372.5,74:da:38:a9:0c:43,44,-90, P-HOME,2c:5d:93:11:60:b8,12,-90, DIRECT-17-HP DeskJet 3830 series,94:57:a5:4a:f4:89,11,-94, shor_Ext,e2:91:f5:b6:ec:a8,11,-94
2017-10-27 16:19:40,SHIELD Tablet,32.16802035700693,34.805424308152844,38.97814492833588,2,gabriel,90:8d:78:50:6a:12,11,-93, Home,14:ae:db:53:0c:2d,6,-94
2017-10-27 16:19:43,SHIELD Tablet,32.16808221454276,34.80502513397455,38.81867710591115,6,Heifes,20:0c:c8:10:c8:11,1,-88, Bezeq Free D02536,72:0c:c8:10:c8:12,1,-89, Annatel_3372.5,74:da:38:a9:0c:43,44,-90, P-HOME,2c:5d:93:11:60:b8,12,-90, DIRECT-17-HP DeskJet 3830 series,94:57:a5:4a:f4:89,11,-94, shor_Ext,e2:91:f5:b6:ec:a8,11,-94
2017-10-27 16:19:49,SHIELD Tablet,32.16817330438178,34.804202296540176,38.6204332530914,2,gabriel,90:8d:78:50:6a:12,11,-93, Home,14:ae:db:53:0c:2d,6,-94
2017-10-27 16:19:51,SHIELD Tablet,32.16820290277182,34.8039689303318,38.71756509605181,6,Heifes,20:0c:c8:10:c8:11,1,-88, Bezeq Free D02536,72:0c:c8:10:c8:12,1,-89, Annatel_3372.5,74:da:38:a9:0c:43,44,-90, P-HOME,2c:5d:93:11:60:b8,12,-90, DIRECT-17-HP DeskJet 3830 series,94:57:a5:4a:f4:89,11,-94, shor_Ext,e2:91:f5:b6:ec:a8,11,-94
2017-10-27 16:19:56,SHIELD Tablet,32.16824863345016,34.803616397282674,39.02255411832467,6,Biana_n,14:ae:db:b2:8e:75,11,-85, HOT123,c0:ac:54:f6:c5:4b,1,-88, klara-012,c4:12:f5:fd:d1:94,2,-89, gella555,00:22:b0:75:7d:eb,6,-94, Bezeq Free,5a:b0:ce:33:a4:d6,1,-94, hagit_2.4,6c:b0:ce:33:a4:d5,1,-96
2017-10-27 16:24:39,SHIELD Tablet,32.16777936548807,34.8027710954512,43.800925838180895,10,island-3927A0,d4:68:4d:79:27:a3,9,-72, Rozalin.co.il,08:5b:0e:8e:06:97,1,-73, DIRECT-51-HP DeskJet 4670 series,30:e1:71:f0:7b:52,10,-78, SavantS,e4:f4:c6:d8:e8:60,6,-81, Bezeq Free,5a:b0:ce:33:a4:d6,1,-81, Benhamou,c4:12:f5:f5:45:f6,3,-82, Video Connection,6c:b0:ce:e8:2a:b0,1,-82, hagit_2.4,6c:b0:ce:33:a4:d5,1,-83, BezeqNGN_98087,4c:60:de:42:20:28,11,-83, Daniela,14:ae:db:32:cf:42,7,-84
2017-10-27 16:24:53,SHIELD Tablet,32.167748736875794,34.80311068748561,45.76948134597095,8,klara-012,c4:12:f5:fd:d1:94,2,-83, HOTBOX-3A94,c0:ac:54:f8:0c:1f,11,-85, BezeqFree,6a:12:f5:84:50:41,8,-87, opus7,c4:12:f5:84:50:40,8,-88, anna2.4,a0:ab:1b:62:76:ac,2,-89, wingate,70:3a:cb:5f:4f:25,6,-89, Roikhel,9c:d6:43:23:99:91,6,-89, SHURSH,00:22:3f:80:0d:4e,9,-93
2017-10-27 16:25:06,SHIELD Tablet,32.168124383652334,34.80404300164531,47.617599284757034,8,Bezeq Free,5a:b0:ce:33:a4:d6,1,-81, hagit_2.4,6c:b0:ce:33:a4:d5,1,-83, 099556880,10:0d:7f:99:bd:b2,11,-88, bz46564990,48:ee:0c:3a:19:c7,10,-89, Bezeq-N_c5c5a1,5c:d9:98:c5:c5:a2,6,-94, dserota,00:1b:9e:7a:43:13,6,-94, Yafim,14:ae:db:32:13:d2,5,-96, Yoels,00:8c:54:8b:ec:e1,6,-97
2017-10-27 16:25:09,SHIELD Tablet,32.16807012717975,34.80451829564009,47.5589991436047,10,klara-012,c4:12:f5:fd:d1:94,2,-83, HOTBOX-3A94,c0:ac:54:f8:0c:1f,11,-85, BezeqFree,6a:12:f5:84:50:41,8,-87, opus7,c4:12:f5:84:50:40,8,-88, wingate,70:3a:cb:5f:4f:25,6,-89, Roikhel,9c:d6:43:23:99:91,6,-89, anna2.4,a0:ab:1b:62:76:ac,2,-89, Home2,ac:f1:df:9d:f7:91,11,-90, SHURSH,00:22:3f:80:0d:4e,9,-93, ida,c0:c1:c0:ce:4d:06,11,-94
2017-10-27 16:25:10,SHIELD Tablet,32.16804885869337,34.80467787412063,47.55695244702102,1,gella555,00:22:b0:75:7d:eb,6,-96
2017-10-27 16:25:13,SHIELD Tablet,32.1679965837446,34.80512462763632,47.488446736545065,2,Bezeq-N_c5c5a1,5c:d9:98:c5:c5:a2,6,-94, Yafim,14:ae:db:32:13:d2,5,-96
2017-10-27 16:25:17,SHIELD Tablet,32.16791299864552,34.8055402036524,47.31571052984631,10,klara-012,c4:12:f5:fd:d1:94,2,-83, HOTBOX-3A94,c0:ac:54:f8:0c:1f,11,-85, BezeqFree,6a:12:f5:84:50:41,8,-87, opus7,c4:12:f5:84:50:40,8,-88, wingate,70:3a:cb:5f:4f:25,6,-89, Roikhel,9c:d6:43:23:99:91,6,-89, anna2.4,a0:ab:1b:62:76:ac,2,-89, Home2,ac:f1:df:9d:f7:91,11,-90, SHURSH,00:22:3f:80:0d:4e,9,-93, ida,c0:c1:c0:ce:4d:06,11,-94
2017-10-27 16:25:21,SHIELD Tablet,32.16782940660959,34.805736338708385,47.01517831659287,1,gella555,00:22:b0:75:7d:eb,6,-96
2017-10-27 16:25:25,SHIELD Tablet,32.167727587280915,34.80592761936254,46.99102469755074,3,Annatel_3372,74:da:38:a9:0c:3e,2,-86, Home,14:ae:db:53:0c:2d,6,-93, shor_Ext,e2:91:f5:b6:ec:a8,11,-95
2017-10-27 16:25:39,SHIELD Tablet,32.168941978847066,34.80626417804201,47.63028681007018,9,Annatel_3372,74:da:38:a9:0c:3e,2,-86, Home2,ac:f1:df:9d:f7:91,11,-90, Home,14:ae:db:53:0c:2d,6,-93, yves,00:90:8f:39:38:60,8,-94, ida,c0:c1:c0:ce:4d:06,11,-94, TP-LINK_UKTVWATCH_EXT,8a:1b:5e:83:d7:c2,8,-95, Murad1,f8:d1:11:75:25:64,1,-95, shor_Ext,e2:91:f5:b6:ec:a8,11,-95, shlomo1,00:8c:54:8f:59:51,6,-99
2017-10-27 16:25:41,SHIELD Tablet,32.16915802327854,34.80631908447765,48.022361823953524,4,Melinek,14:ae:db:45:27:5d,11,-67, melsara,10:0d:7f:86:a4:42,11,-85, daniellalovecat-2.4,3c:1e:04:05:cc:6a,7,-95, gattegnio,ec:08:6b:67:fc:c5,6,-96
2017-10-27 16:25:49,SHIELD Tablet,32.16997015864624,34.80660032399854,49.19520573145878,3,Annatel_3372,74:da:38:a9:0c:3e,2,-86, Home,14:ae:db:53:0c:2d,6,-93, shor_Ext,e2:91:f5:b6:ec:a8,11,-95
2017-10-27 16:25:51,SHIELD Tablet,32.17019433204196,34.80668250741814,49.178478327439656,4,Melinek,14:ae:db:45:27:5d,11,-67, melsara,10:0d:7f:86:a4:42,11,-85, daniellalovecat-2.4,3c:1e:04:05:cc:6a,7,-95, gattegnio,ec:08:6b:67:fc:c5,6,-96
2017-10-27 16:25:57,SHIELD Tablet,32.17073970264416,34.8069528765298,49.71763452956443,5,rojavi,00:50:7f:f1:18:64,11,-69, rojavi2017,00:1d:aa:0f:59:f0,11,-84, rojavi_EXT,d4:6e:0e:3c:2f:99,11,-84, Bezeq Free,52:f1:df:a0:70:ea,6,-86, upstairs,d4:6e:0e:cf:bc:ca,6,-90
2017-10-27 16:26:03,SHIELD Tablet,32.17131765246347,34.80719154989027,50.78873523162959,4,Melinek,14:ae:db:45:27:5d,11,-67, melsara,10:0d:7f:86:a4:42,11,-85, daniellalovecat-2.4,3c:1e:04:05:cc:6a,7,-95, gattegnio,ec:08:6b:67:fc:c5,6,-96
2017-10-27 16:26:09,SHIELD Tablet,32.17189056898307,34.80746254753361,51.12442568890585,5,rojavi,00:50:7f:f1:18:64,11,-69, rojavi2017,00:1d:aa:0f:59:f0,11,-84, rojavi_EXT,d4:6e:0e:3c:2f:99,11,-84, Bezeq Free,52:f1:df:a0:70:ea,6,-86, upstairs,d4:6e:0e:cf:bc:ca,6,-90
2017-10-27 16:27:41,SHIELD Tablet,32.16989917679963,34.810955821361866,45.36091303530294,10,rojavi,00:50:7f:f1:18:64,11,-69, menashe,14:ae:db:48:16:65,4,-82, Van2,90:f6:52:78:f4:cb,10,-82, rojavi2017,00:1d:aa:0f:59:f0,11,-84, rojavi_EXT,d4:6e:0e:3c:2f:99,11,-84, Edimax AP,80:1f:02:66:5a:58,11,-84, Bezeq Free,52:f1:df:a0:70:ea,6,-86, ZEISS_YEHUDA,00:1d:aa:fb:1f:b0,6,-86, Neeman2.4,20:0c:c8:1d:c8:2b,1,-87, zarrouk1,c0:ff:d4:81:6e:f6,6,-89
2017-10-27 16:27:43,SHIELD Tablet,32.16970896780877,34.81087908987147,45.561860030387635,6,oved-main,74:da:3a:97:66:9e,6,-77, oved-main_2EX,74:da:38:97:66:9d,6,-79, DIRECT-A4-HP OfficeJet 6950,c8:d3:ff:f9:48:a5,1,-85, HOTBOX6,d8:fb:5e:17:62:4d,13,-90, bait,10:be:f5:3f:b2:ce,7,-93, oved-main,74:da:39:54:b8:1d,6,-96
2017-10-27 16:27:51,SHIELD Tablet,32.16888419220148,34.81057832260162,45.102710187743995,5,ZEISS_YEHUDA,00:1d:aa:fb:1f:b0,6,-86, Neeman2.4,20:0c:c8:1d:c8:2b,1,-87, Bezeq Free F026CC,6a:0c:c8:1d:c8:28,1,-93,   InnovationEndeavors,74:da:38:a9:1c:df,4,-94, edimax_2.4G_A92417,74:da:38:a9:24:17,2,-96
2017-10-27 16:27:53,SHIELD Tablet,32.16869113485125,34.81050710096076,44.489720639200534,6,oved-main,74:da:3a:97:66:9e,6,-77, oved-main_2EX,74:da:38:97:66:9d,6,-79, DIRECT-A4-HP OfficeJet 6950,c8:d3:ff:f9:48:a5,1,-85, HOTBOX6,d8:fb:5e:17:62:4d,13,-90, bait,10:be:f5:3f:b2:ce,7,-93, oved-main,74:da:39:54:b8:1d,6,-96
2017-10-27 16:27:58,SHIELD Tablet,32.16818035885044,34.81026982775982,44.16976605560773,6,BARON WIFI 2.4,60:e3:27:bf:a1:a5,11,-77, kessel_2,90:ef:68:30:6b:69,5,-86, Levy,f8:ab:05:47:3f:d0,10,-87, Oberyn Martell,18:d6:c7:fb:1c:0e,8,-89, terry_ap,5c:83:8f:33:bd:68,1,-94, terryk,28:c6:8e:37:50:14,11,-96
2017-10-27 16:28:03,SHIELD Tablet,32.16778360857842,34.81003220007453,43.754024715901444,5,ZEISS_YEHUDA,00:1d:aa:fb:1f:b0,6,-86, Neeman2.4,20:0c:c8:1d:c8:2b,1,-87, Bezeq Free F026CC,6a:0c:c8:1d:c8:28,1,-93,   InnovationEndeavors,74:da:38:a9:1c:df,4,-94, edimax_2.4G_A92417,74:da:38:a9:24:17,2,-96
2017-10-27 16:32:24,Lenovo PB2-690Y,32.16769143,34.80988609,30.0,3,888Corp,0a:8d:db:6e:71:26,6,-92, 888Guest,02:8d:db:6e:71:26,6,-93, 888Free,06:8d:db:6e:71:26,6,-96
2017-10-27 16:35:09,Lenovo PB2-690Y,32.16767918,34.8099261,32.0,1,ensilo_guest,00:30:4f:82:a4:49,11,-83
2017-10-27 16:35:31,Lenovo PB2-690Y,32.16767714,34.80987434,38.0,1,888Corp,8e:15:44:a9:32:e6,11,-92
2017-10-27 16:35:40,Lenovo PB2-690Y,32.16749575,34.8096228,38.0,1,lavel-2,74:da:39:b9:a7:bd,2,-89
2017-10-27 16:35:43,Lenovo PB2-690Y,32.16737112,34.80947136,37.0,2,Ezbob_WiFi,00:02:6f:12:34:56,11,-83, lavel-2_2,74:da:38:b9:a7:bc,2,-90
2017-10-27 16:35:49,Lenovo PB2-690Y,32.16706717,34.80912469,29.0,4,brieftrace5,90:8d:78:51:52:fb,48,-79, Pitarohecht,00:02:6f:a6:f1:f3,1,-86, Maxillent,90:6c:ac:60:6c:8b,3,-91, BlueSnap-Guest-2.4GHz,00:02:6f:bb:fd:ac,1,-93
2017-10-27 16:35:52,Lenovo PB2-690Y,32.16697095,34.80899281,29.0,2,BlueSnap-Guest-2.4GHz,00:02:6f:bb:fd:ac,1,-83, bacapital,6c:b0:ce:ab:5a:a1,1,-90
2017-10-27 16:35:55,Lenovo PB2-690Y,32.16690996,34.80892623,31.0,1,Bezeq2.4,14:ae:db:b3:7b:65,6,-90
2017-10-27 16:35:58,Lenovo PB2-690Y,32.16690033,34.80890703,28.0,5,HP-Print-A0-LaserJet Pro MFP,30:f7:72:6e:8e:a0,6,-78, ASUS,d0:17:c2:60:e7:38,3,-84, Crestron_23,10:fe:ed:62:9e:1a,4,-86, AEH-W4A1-b0411d255ce3,b0:41:1d:25:5c:e3,7,-87, PitaroHecht,00:02:6f:bf:86:cc,1,-89
2017-10-27 16:36:03,Lenovo PB2-690Y,32.16686101,34.80886888,25.0,8,Kadabra-AP,00:1d:aa:7c:8c:f8,11,-79, Kadabra-Guest,02:1d:aa:7c:8c:f8,11,-79, LeonAP,80:1f:02:36:10:68,11,-85, Efrat Networks MM,94:f6:65:5b:b2:28,5,-89, BlueSnap-Guest-2.4GHz,c0:56:27:a0:6c:9a,3,-91, Guest Neetwork MM,94:f6:65:1b:b2:28,5,-91, HOTBOX-D124,6c:2e:85:fe:9f:bc,1,-91, Hacker,cc:b2:55:e7:bf:ba,6,-95
2017-10-27 16:36:08,Lenovo PB2-690Y,32.16689742,34.80859096,25.0,3,Efrat Networks NC,00:1d:aa:34:1e:58,11,-81, INGENEO,cc:b2:55:e8:4c:e6,6,-88, HOTFiber-2017,08:6a:0a:37:66:66,1,-91
2017-10-27 16:36:11,Lenovo PB2-690Y,32.16698668,34.80831306,26.0,2,BENY PUR,d8:fe:e3:03:c7:b1,6,-80, HOTFiber-2017,18:1e:78:86:00:63,1,-89
2017-10-27 16:36:14,Lenovo PB2-690Y,32.16710359,34.80798987,28.0,3,0506679780,5a:fe:e3:03:c7:b3,6,-81, BlueSnap-Guest-2.4GHz,00:02:6f:bb:fd:ac,1,-81, Candan,c0:ff:d4:7b:82:30,1,-93
2017-10-27 16:36:17,Lenovo PB2-690Y,32.16722868,34.80761207,30.0,7,Home.,a0:ab:1b:62:a7:bc,1,-83, Rabia,30:b5:c2:bd:52:40,6,-86, BlueSnap-Guest-2.4GHz,c0:56:27:a0:6c:9a,3,-88, Guest Neetwork MM,94:f6:65:1b:b2:28,5,-89, sm,14:ae:db:c2:74:65,6,-90, ASUS,d0:17:c2:60:e7:38,3,-91, NIZZA333_2EX,74:da:38:0e:db:1c,11,-93
2017-10-27 16:36:20,Lenovo PB2-690Y,32.16737009,34.80723953,30.0,6,Rabia,30:b5:c2:bd:52:40,6,-74, aron,04:a1:51:e2:7d:fe,11,-89, Bezeq Free,52:a1:51:e2:7d:ff,11,-90, DIRECT-DA-HP DeskJet 4670 series,c8:d3:ff:79:a3:db,9,-90, Heifes,20:0c:c8:10:c8:11,1,-91, Bezeq Free D02536,72:0c:c8:10:c8:12,1,-93
2017-10-27 16:36:23,Lenovo PB2-690Y,32.16751498,34.80683618,32.0,6,Bezeq Free D02536,72:0c:c8:10:c8:12,1,-80, Heifes,20:0c:c8:10:c8:11,1,-84, Ester_wifi,84:26:15:eb:2d:b3,11,-86, Casa1,f4:6b:ef:e2:2c:1f,11,-88, Candan,c0:ff:d4:7b:82:30,1,-90, Efrat Networks MM,94:f6:65:5b:b2:28,5,-92
2017-10-27 16:36:26,Lenovo PB2-690Y,32.1676062,34.80648761,35.0,3,Guest Neetwork MM,94:f6:65:1b:b2:28,5,-91, bendet1,80:1f:02:d7:6b:c8,6,-91, Home.,a0:ab:1b:62:a7:bc,1,-96
2017-10-27 16:36:29,Lenovo PB2-690Y,32.16771044,34.80621624,37.0,3,wifi in car-1794,08:97:58:33:b7:cc,1,-75, Rabia,30:b5:c2:bd:52:40,6,-90, EMELET,f4:f2:6d:ca:5d:06,8,-93
2017-10-27 16:36:32,Lenovo PB2-690Y,32.16779375,34.80608261,37.0,2,shor_Ext,e2:91:f5:b6:ec:a8,11,-91, ApartmentD,c0:ff:d4:d1:e4:20,6,-93
2017-10-27 16:36:37,Lenovo PB2-690Y,32.16789236,34.80594706,40.0,1,Annatel_3372,74:da:38:a9:0c:3e,2,-85
2017-10-27 16:36:40,Lenovo PB2-690Y,32.16787943,34.80577971,41.0,3,Heifes,20:0c:c8:10:c8:11,1,-88, Hazan_Home,18:d6:c7:ef:1e:a4,11,-89, Bezeq Free D02536,72:0c:c8:10:c8:12,1,-91
2017-10-27 16:36:43,Lenovo PB2-690Y,32.16773211,34.80577425,40.0,1,INGENEO,cc:b2:55:e8:4c:e6,6,-91
2017-10-27 16:36:49,Lenovo PB2-690Y,32.16760779,34.80626857,40.0,1,HP-Print-86-Officejet Pro 8600,88:51:fb:20:6b:86,11,-91
2017-10-27 16:36:55,Lenovo PB2-690Y,32.16745405,34.8067466,38.0,3,Bezeq Free D02536,72:0c:c8:10:c8:12,1,-84, Bezeq-NGN_E60863,cc:b2:55:e6:08:64,6,-93, Bezeq Free,cc:b2:55:e6:08:67,6,-95
2017-10-27 16:36:58,Lenovo PB2-690Y,32.16738263,34.80704301,36.0,1,Heifes,20:0c:c8:10:c8:11,1,-90
2017-10-27 16:37:01,Lenovo PB2-690Y,32.16732484,34.8073338,31.0,3,Rabia,30:b5:c2:bd:52:40,6,-90, HP-Print-86-Officejet Pro 8600,88:51:fb:20:6b:86,11,-92, Vexlerar_2EX,74:da:38:cc:d8:80,9,-93
2017-10-27 16:37:04,Lenovo PB2-690Y,32.1672203,34.80757898,30.0,1,Home.,a0:ab:1b:62:a7:bc,1,-90
2017-10-27 16:37:07,Lenovo PB2-690Y,32.16710326,34.80786315,26.0,5,INGENEO,cc:b2:55:e8:4c:e6,6,-87, EL5,14:ae:db:3d:b1:55,48,-88, Casa1,f4:6b:ef:e2:2c:1f,11,-90, Bezeq Free D02536,72:0c:c8:10:c8:12,1,-92, Ester_wifi,84:26:15:eb:2d:b3,11,-93
2017-10-27 16:37:10,Lenovo PB2-690Y,32.16701367,34.80810925,22.0,5,0506679780,5a:fe:e3:03:c7:b3,6,-73, BENY PUR,d8:fe:e3:03:c7:b1,6,-74, DIRECT-EA-HP OfficeJet Pro 6960,30:e1:71:c5:17:eb,6,-84, Heifes,20:0c:c8:10:c8:11,1,-91, edimax_repeater,74:da:38:50:ce:4c,2,-94
2017-10-27 16:37:13,Lenovo PB2-690Y,32.16692966,34.80836155,15.0,5,levi_1,f8:e9:03:0e:a1:5d,11,-88, Pantum-AP-1C0F59,44:33:4c:1c:0f:59,11,-89, Rabia,30:b5:c2:bd:52:40,6,-89, 071889240,f8:e9:03:14:72:44,1,-90, Vexlerar_2EX,74:da:38:cc:d8:80,9,-92
2017-10-27 16:37:16,Lenovo PB2-690Y,32.166863,34.80849455,17.0,5,INGENEO,cc:b2:55:e8:4c:e6,6,-82, EL,14:ae:db:3d:b1:52,9,-82, Guest Neetwork MM,94:f6:65:1b:b2:28,5,-90, HP-Print-82-LaserJet 200 color,68:94:23:24:b1:82,6,-92, Efrat Networks MM,94:f6:65:5b:b2:28,5,-94
2017-10-27 16:37:19,Lenovo PB2-690Y,32.16680671,34.80857819,17.0,5,KaymeraGuest,00:f6:63:3a:f4:82,1,-80, wifi in car-1794,08:97:58:33:b7:cc,1,-82, kaymeraQA,00:f6:63:3a:f4:80,1,-84, gigi1932,8c:59:c3:a2:9d:69,11,-89, HP-Print-a2-LaserJet 400 color,e4:d5:3d:7d:d6:a2,6,-91
2017-10-27 16:37:22,Lenovo PB2-690Y,32.16679377,34.8086177,16.0,6,ASUS,d0:17:c2:60:e7:38,3,-79, KaymeraDev,00:f6:63:3a:f4:81,1,-82, Home.,a0:ab:1b:62:a7:bc,1,-87, Efrat Networks MM,94:f6:65:5b:b2:28,5,-89, BlueSnap-Guest-2.4GHz,c0:56:27:a0:6c:9a,3,-90, TP-LINK_6CF1,30:b5:c2:6d:c9:e0,11,-93
2017-10-27 16:37:29,Lenovo PB2-690Y,32.16671281,34.80872443,22.0,1,kaymeraQA,cc:16:7e:97:1d:90,1,-93
2017-10-27 16:37:32,Lenovo PB2-690Y,32.16652877,34.80876004,24.0,3,Partner-4G-C845,50:68:0a:66:c8:45,8,-85, 888Free,06:8d:db:6e:71:ab,1,-92, RTI 15,10:fe:ed:62:9e:5c,5,-93
2017-10-27 16:37:35,Lenovo PB2-690Y,32.16627842,34.80860037,25.0,1,4GT,82:4c:a5:1a:71:67,1,-91
2017-10-27 16:37:38,Lenovo PB2-690Y,32.16602039,34.8084001,24.0,7,4G,94:10:3e:a8:34:9a,11,-66, ID,92:4c:a5:1a:71:67,1,-78, CMT-Guests,70:4c:a5:1a:71:67,1,-79, Retention,a2:4c:a5:1a:71:67,1,-79, 4GT,82:4c:a5:1a:71:67,1,-80, BlueSnap-Guest-2.4GHz,00:02:6f:bb:fd:ac,1,-85, Pitarohecht,00:02:6f:a6:f1:f3,1,-92
2017-10-27 16:37:41,Lenovo PB2-690Y,32.16577658,34.80816783,24.0,10,Efrat Networks NC,00:1d:aa:34:1e:58,11,-78, Efrat Networks MM,94:f6:65:5b:b2:28,5,-85, ASUS,d0:17:c2:60:e7:38,3,-85, Guest Neetwork MM,94:f6:65:1b:b2:28,5,-86, wifi in car-1794,08:97:58:33:b7:cc,1,-88, Bezeq2.4,14:ae:db:b3:7b:65,6,-90, kaymeraQA,00:f6:63:3a:f4:80,1,-90, KaymeraDev,00:f6:63:3a:f4:81,1,-90, HP-Print-A0-LaserJet Pro MFP,30:f7:72:6e:8e:a0,6,-90, HOTBOX-D124,6c:2e:85:fe:9f:bc,1,-90
2017-10-27 16:37:44,Lenovo PB2-690Y,32.16554915,34.80794021,23.0,5,Ganel,14:ae:db:43:44:ad,11,-92, MVGuest,4e:d9:e7:59:4a:f2,1,-93, HWL,08:5b:0e:5f:b0:78,11,-93, kaymeraQA,cc:16:7e:97:1d:90,1,-93, SETUP,ee:39:c3:92:e3:6d,11,-94
2017-10-27 16:37:47,Lenovo PB2-690Y,32.16530821,34.80769442,22.0,10,Partner-4G-C845,50:68:0a:66:c8:45,8,-86, Cloudius,de:9f:db:7f:73:aa,1,-86, Ganel,14:ae:db:43:44:ad,11,-87, AppsFlyer Guest,82:15:54:a8:8d:ef,36,-88, AppsFlyer R&D,8e:15:54:a8:8d:ef,36,-90, rainbow,ee:9f:db:7f:73:aa,1,-90, sunmotors,14:ae:db:3a:6d:95,6,-92, 888Free,06:8d:db:6e:71:ab,1,-92, Off-Oz,00:25:86:b0:42:ae,6,-93, RTI 15,10:fe:ed:62:9e:5c,5,-93
2017-10-27 16:37:50,Lenovo PB2-690Y,32.16504704,34.80746023,19.0,6,GINI-APPS,f0:3e:90:0f:4c:b8,1,-84, F-Z,04:a1:51:13:13:37,11,-85, COMET,80:1f:02:38:6a:b0,11,-90, HP-Print-82-LaserJet 200 color,68:94:23:24:b1:82,6,-91, BezeqFree,14:af:db:bd:de:12,6,-92, Gil?s iMac,28:f0:76:3d:81:f8,8,-94
2017-10-27 16:37:53,Lenovo PB2-690Y,32.16476567,34.80721216,19.0,10,4G,94:10:3e:a8:34:9a,11,-74, VAP1,02:10:f3:64:7e:5d,6,-88, DIRECT-A5-HP OfficeJet Pro 7720,3e:52:82:88:eb:a5,3,-88, Tamar-Office,90:6c:ac:8f:fd:82,1,-90, Coralgrp,ac:a3:1e:c9:5a:c0,11,-90, kaymeraQA,00:f6:63:3a:f4:80,1,-90, RTO,e0:b9:a5:10:95:6b,7,-90, tzubnt,00:27:22:4e:28:c8,8,-90, GAL-ALMAGOR,14:ae:db:bd:de:12,6,-92, tzunami2,4c:e6:76:22:44:af,4,-92
2017-10-27 16:37:56,Lenovo PB2-690Y,32.16446369,34.80699683,20.0,6,RTI 15,10:fe:ed:62:9e:5c,5,-86, Coralgrp,94:b4:0f:37:26:90,52,-88, Glilot1,70:4c:a5:13:f2:f5,9,-89, MVGuest,4e:d9:e7:59:4a:f2,1,-93, HWL,08:5b:0e:5f:b0:78,11,-93, SETUP,ee:39:c3:92:e3:6d,11,-94
2017-10-27 16:37:59,Lenovo PB2-690Y,32.16413733,34.80680696,20.0,10,Coralgrp,94:b4:0f:37:26:80,7,-84, rainbow,ee:9f:db:7f:73:aa,1,-86, Cloudius,de:9f:db:7f:73:aa,1,-86, Ganel,14:ae:db:43:44:ad,11,-87, Gil?s iMac,28:f0:76:3d:81:f8,8,-87, AppsFlyer Guest,82:15:54:a8:8d:ef,36,-88, BB?s iMac,c8:bc:c8:b7:c2:e1,8,-89, AppsFlyer R&D,8e:15:54:a8:8d:ef,36,-90, sunmotors,14:ae:db:3a:6d:95,6,-92, var,c4:12:f5:82:de:c6,1,-92
2017-10-27 16:38:02,Lenovo PB2-690Y,32.16381918,34.80663229,23.0,6,F-Z,04:a1:51:13:13:37,11,-85, GINI-APPS,f0:3e:90:0f:4c:b8,1,-87, BezeqNGN_XA28CE_5GHz_1,6c:b0:ce:38:48:80,60,-87, COMET,80:1f:02:38:6a:b0,11,-90, HP-Print-82-LaserJet 200 color,68:94:23:24:b1:82,6,-91, BezeqFree,14:af:db:bd:de:12,6,-92
2017-10-27 16:38:05,Lenovo PB2-690Y,32.16353865,34.8064643,25.0,7,VAP1,02:10:f3:64:7e:5d,6,-88, Coralgrp,ac:a3:1e:c9:5a:c0,11,-90, tzubnt,00:27:22:4e:28:c8,8,-90, Tamar-Office,90:6c:ac:8f:fd:82,1,-90, RTO,e0:b9:a5:10:95:6b,7,-90, murraydiane,c4:12:f5:83:aa:0c,11,-91, GAL-ALMAGOR,14:ae:db:bd:de:12,6,-92
2017-10-27 16:38:08,Lenovo PB2-690Y,32.16331079,34.80633803,28.0,9,drupe 2.4G,ec:08:6b:27:b0:2f,4,-81, RTI 15,10:fe:ed:62:9e:5c,5,-86, S&W,82:2a:a8:b5:b7:1a,11,-89, Glilot1,70:4c:a5:13:f2:f5,9,-89, Coralgrp,94:b4:0f:37:26:90,52,-89, HP-Print-2a-LaserJet 400 MFP,ac:d1:b8:ac:e8:2a,6,-89, JWN,6c:b0:ce:33:a2:d0,11,-90, BezeqNGN_XA28CE_2.4GHz_1,6c:b0:ce:38:48:7f,6,-91, eliya23,00:1d:aa:7c:08:5c,11,-91
2017-10-27 16:38:11,Lenovo PB2-690Y,32.16317414,34.80627205,31.0,5,JONEY_2.4,6c:b0:ce:3a:83:4e,1,-88, DELEK-GUEST,c0:25:5c:df:62:e1,5,-91, Carmel MR,10:be:f5:3a:ec:76,9,-92, ran,14:ae:db:32:cf:62,10,-93, Partner-4G-7C3F,9c:b2:b2:32:7c:3f,1,-95
2017-10-27 16:38:14,Lenovo PB2-690Y,32.1631619,34.80625893,34.0,2,ZeroOne 2.4GHz,14:ae:db:3e:de:ea,2,-86, drupe_kitchen,14:ae:db:38:cc:ad,11,-93
2017-10-27 16:38:22,Lenovo PB2-690Y,32.1631764,34.8062382,36.0,3,DELEK-GUEST,c0:25:5c:df:62:e1,5,-80, DELEK-GROUP,c0:25:5c:df:62:e0,5,-81, drupe 5G,ec:08:6b:27:b0:2e,36,-89
2017-10-27 16:38:25,Lenovo PB2-690Y,32.16317736,34.80623126,31.0,2,Partner-4G-7C3F,9c:b2:b2:32:7c:3f,1,-87, EIS70,04:bd:88:e3:6f:e1,1,-88
2017-10-27 16:38:28,Lenovo PB2-690Y,32.16319135,34.80624872,33.0,1,murraydiane,c4:12:f5:83:aa:0c,11,-85
2017-10-27 16:38:34,Lenovo PB2-690Y,32.16320674,34.80625275,29.0,1,Wallashops-Office,00:c8:8b:28:28:20,1,-92
2017-10-27 16:38:43,Lenovo PB2-690Y,32.16319294,34.80626005,30.0,2,TNCAPE5A34D,30:91:8f:51:3b:fe,11,-91, DIRECT-37-HP OfficeJet Pro 8720,a0:8c:fd:5b:1c:38,8,-93
2017-10-27 16:38:46,Lenovo PB2-690Y,32.16318171,34.80625562,29.0,1,INVESUS,06:18:d6:a9:2d:cf,1,-93
2017-10-27 16:38:49,Lenovo PB2-690Y,32.16317781,34.8062566,28.0,1,drupe 2.4G,ec:08:6b:27:b0:2f,4,-74
2017-10-27 16:38:52,Lenovo PB2-690Y,32.1631839,34.80625095,26.0,1,ZeroOne 2.4GHz,14:ae:db:3e:de:ea,2,-80
2017-10-27 16:39:08,Lenovo PB2-690Y,32.1632265,34.80624928,24.0,1,HP-Print-B1-Officejet Pro 8610,fc:15:b4:a7:ce:b1,4,-92
2017-10-27 16:39:11,Lenovo PB2-690Y,32.16319996,34.80624705,23.0,4,welovecoffee_,14:ae:db:ca:c2:22,10,-90, Sodyo,14:ae:db:30:59:ca,8,-91, BezeqFree,14:af:db:30:59:ca,8,-92, DELEK-GROUP,34:db:fd:0a:6c:00,9,-96
2017-10-27 16:39:14,Lenovo PB2-690Y,32.16304192,34.80624314,22.0,3,BezeqNGN_XA28CE_2.4GHz_1,6c:b0:ce:38:48:7f,6,-84, EIS LAB,04:bd:88:e3:6f:e0,1,-87, Biopharmax Guest,18:e7:28:50:04:48,1,-90
2017-10-27 16:39:17,Lenovo PB2-690Y,32.16293782,34.80645872,23.0,4,Paragon-Wifi,00:1d:aa:0f:51:38,11,-87, DIRECT-F7-HP DeskJet 4670 series,b0:5a:da:fa:39:f8,1,-87, marvin,04:a1:51:11:0e:ee,11,-90, DIRECT-C6-HP DeskJet 3830 series,dc:4a:3e:cf:77:77,6,-91
2017-10-27 16:39:21,Lenovo PB2-690Y,32.16277074,34.80687835,21.0,9,drupe 5G,ec:08:6b:27:b0:2e,36,-80, eliya23,00:1d:aa:7c:08:5c,11,-82, Partner-4G-7C3F,9c:b2:b2:32:7c:3f,1,-82, welovecoffee_,14:ae:db:ca:c2:22,10,-85, DIRECT-37-HP OfficeJet Pro 8720,a0:8c:fd:5b:1c:38,8,-85, HP-Print-B1-Officejet Pro 8610,fc:15:b4:a7:ce:b1,4,-86, veguest,64:f6:9d:6a:bb:e1,9,-88, ZeroOne 5.0GHz,14:ae:db:3e:de:ed,48,-89, vecorp,64:f6:9d:6a:bb:e0,9,-90
2017-10-27 16:39:23,Lenovo PB2-690Y,32.16269253,34.80708038,22.0,10,JONEY_2.4,6c:b0:ce:3a:83:4e,1,-81, GUEST,00:0c:e6:02:d1:6e,6,-81, Print,00:0c:e6:02:b4:d8,6,-82, DIRECT-7iM2020 Series,32:cd:a7:1e:df:40,11,-85, drupe_kitchen,14:ae:db:38:cc:ad,11,-86, Ran,00:10:f3:69:eb:b7,11,-88, TNCAPF791CB,c4:ea:1d:f7:91:cb,11,-89, HP-Print-A7-Officejet Pro 6830,dc:4a:3e:39:49:a7,6,-90, MVP_Guest,02:1d:aa:da:4b:50,6,-90, Natam_sharon,e4:6f:13:6f:c8:8a,9,-92
2017-10-27 16:39:27,Lenovo PB2-690Y,32.16256983,34.80733271,20.0,10,Bello1,80:1f:02:51:34:d2,6,-77, drupe 2.4G,ec:08:6b:27:b0:2f,4,-82, VITEC-IL,80:26:89:0d:5a:2c,9,-82, BezeqNGN_XA28CE_2.4GHz_1,6c:b0:ce:38:48:7f,6,-84, PEI.WIFI,78:d3:8d:d1:26:80,7,-84, lapidot_2.4GHz_1,3c:1e:04:07:95:7b,1,-84, EIS LAB,04:bd:88:e3:6f:e0,1,-87, Bezeq_7301b6,00:22:b0:73:01:b9,6,-87, Bezeq Free,14:af:db:3c:f2:da,2,-88, ZeroOne 2.4GHz,14:ae:db:3e:de:ea,2,-89
2017-10-27 16:39:29,Lenovo PB2-690Y,32.1625067,34.80746568,21.0,10,RTI 15,10:fe:ed:62:9e:5c,5,-83, atid_5,c4:04:15:4e:19:87,60,-84, Natam_sharon,e4:6f:13:6f:c8:8a,9,-85, atid_2.4,c4:04:15:4e:19:86,1,-85, Tamar-Office,90:6c:ac:8f:fd:82,1,-87, Paragon-Wifi,00:1d:aa:0f:51:38,11,-87, HP-Print-2a-LaserJet 400 MFP,ac:d1:b8:ac:e8:2a,6,-87, TP-LINK_AP_AF8C,98:de:d0:d0:af:8c,6,-88, marvin,04:a1:51:11:0e:ee,11,-90, lapidot_5GHz_1,3c:1e:04:07:95:7c,48,-91
2017-10-27 16:39:32,Lenovo PB2-690Y,32.16242017,34.80771262,20.0,8,HP-Print-f8-LaserJet 300,0c:84:dc:b9:58:f8,4,-84, TNCAPE5A34D,9c:97:26:7d:d5:22,1,-84, ADX HOT,7c:b7:33:2c:95:41,11,-84, interwifi,58:6d:8f:dc:f5:9f,6,-86, Adxperience3_2.4,6c:b0:ce:ac:ee:01,1,-87, Asraf,00:1d:aa:83:d3:8c,6,-88, Piohot,c0:ac:54:f6:59:0d,6,-89, DIRECT-a1-HP M477 LaserJet,96:53:30:2e:18:a1,6,-90
2017-10-27 16:39:35,Lenovo PB2-690Y,32.16229652,34.80799151,19.0,9,ADX_HOT_EX2.4G,f8:e9:03:0f:24:49,11,-77, ADX HOT,7c:b7:33:2c:95:41,11,-77, HP-Print-f8-LaserJet 300,0c:84:dc:b9:58:f8,4,-79, DIRECT-OPWorkCentre 3025,9e:93:4e:3f:e8:41,11,-81, AdXP,48:f8:b3:cc:fc:1e,4,-83, HP-Print-B1-Officejet Pro 8610,fc:15:b4:a7:ce:b1,4,-86, DBSI,1c:b9:c4:4f:15:d8,9,-87, BezeqFree,06:ae:db:36:86:05,11,-88, KingGeorge,10:be:f5:41:b9:84,9,-90
2017-10-27 16:39:38,Lenovo PB2-690Y,32.16218382,34.80827487,19.0,10,Crestron_23,10:fe:ed:62:9e:1a,4,-76, JONEY_2.4,6c:b0:ce:3a:83:4e,1,-81, GDLWIFI,f2:9f:c2:f1:c8:5f,1,-81, Print,00:0c:e6:02:b4:d8,6,-81, GD,f0:9f:c2:f1:c8:5f,1,-81, MentorGuest,84:d4:7e:ef:03:a1,11,-82, GUEST,00:0c:e6:02:d1:6e,6,-83, KingGeorge,10:be:f5:41:b9:84,9,-83, MGC,84:d4:7e:ef:03:a0,11,-84, EMS-Guest,08:5b:0e:f4:76:85,11,-85
2017-10-27 16:39:41,Lenovo PB2-690Y,32.16203317,34.80861643,17.0,10,RTI 15,10:fe:ed:62:9e:5c,5,-76, VITEC-IL,80:26:89:0d:5a:2c,9,-80, Zerto Guests,1a:5b:0e:66:b4:43,6,-82, A.M.P_EXT,c4:6e:1f:54:4f:75,1,-83, Zerto,08:5b:0e:66:b4:43,6,-83, Bello1,80:1f:02:51:34:d2,6,-83, atid_5,c4:04:15:4e:19:87,60,-84, Natam_sharon,e4:6f:13:6f:c8:8a,9,-84, Zerto Guests,1a:5b:0e:e8:56:cd,11,-85, atid_2.4,c4:04:15:4e:19:86,1,-85
2017-10-27 16:39:44,Lenovo PB2-690Y,32.1618688,34.80894547,15.0,10,Life,94:b4:0f:d1:60:10,48,-75, TNCAPE5A34D,9c:97:26:7d:d5:22,1,-84, interwifi,58:6d:8f:dc:f5:9f,6,-86, elastifile,06:18:d6:a9:2a:84,1,-86, HAPOALIM,94:f6:65:6f:df:0c,36,-87, VF3,a0:4f:d4:3d:cc:f1,10,-87, Asraf,00:1d:aa:83:d3:8c,6,-88, Piohot,c0:ac:54:f6:59:0d,6,-89, Xerox,62:13:11:37:ec:83,10,-91, Adxperience3_2.4,6c:b0:ce:ac:ee:01,1,-91
2017-10-27 16:39:48,Lenovo PB2-690Y,32.16173813,34.80919485,16.0,10,ADX HOT,7c:b7:33:2c:95:41,11,-77, ADX_HOT_EX2.4G,f8:e9:03:0f:24:49,11,-77, HP-Print-f8-LaserJet 300,0c:84:dc:b9:58:f8,4,-79, Partner-4G-8AB4,b0:89:00:d8:8a:b4,9,-83, 4G_UFI-E63,3a:12:2d:b9:ce:63,3,-83, A.M.P end,c4:6e:1f:ab:77:3e,3,-84, Bezeq-N_223921,c4:12:f5:f6:70:b6,11,-84, EF_Guest,56:d9:e7:d7:c6:14,1,-85, as-om,a0:ab:1b:5f:51:48,3,-85, MT7601_1,a4:2b:b0:e6:d8:c5,6,-87
2017-10-27 16:39:50,Lenovo PB2-690Y,32.16171469,34.80922516,14.0,4,wifi in car-0571,08:97:58:32:b1:9c,2,-75, elastifile,46:d9:e7:d7:c6:14,1,-82, Taykey - Office,e0:10:7f:09:37:fc,52,-84, Taykey - Guest,e0:10:7f:49:37:fc,52,-84
2017-10-27 16:39:53,Lenovo PB2-690Y,32.16171852,34.80922745,14.0,7,Alpha.guest,74:da:38:b6:ed:8d,4,-77, Taykey - Office,e0:10:7f:09:37:f8,4,-78, Taykey - Guest,e0:10:7f:49:37:f8,4,-79, EF_Guest,16:18:d6:a9:2a:84,1,-80, Life,94:b4:0f:d1:60:00,11,-81, Garden,30:b5:c2:23:13:8b,6,-84, BigMeeting_2.4G,74:da:38:b6:ed:8c,4,-85
2017-10-27 16:39:56,Lenovo PB2-690Y,32.16172295,34.80923006,13.0,6,Bezeq-N_223921,c4:12:f5:f6:70:b6,11,-74, Partner-4G-8AB4,b0:89:00:d8:8a:b4,9,-75, 4G_UFI-E63,3a:12:2d:b9:ce:63,3,-78, CST-IL-WLAN,80:2a:a8:4a:c9:37,3,-86, ESI-Guest,00:0c:e6:02:8f:c9,36,-87, ESI-New,00:0c:e6:02:1d:6a,36,-87
2017-10-27 16:39:59,Lenovo PB2-690Y,32.1617306,34.80922516,13.0,2,Disruptive WiFi Network,34:12:98:04:c4:00,6,-85, Zerto,08:5b:0e:e8:53:eb,1,-91
2017-10-27 16:40:02,Lenovo PB2-690Y,32.16172805,34.80923164,13.0,2,Triumph,10:0d:7f:86:c9:7c,5,-84, wifi in car-0965,08:97:58:33:b1:52,2,-84
2017-10-27 16:40:05,Lenovo PB2-690Y,32.16172765,34.80923161,13.0,1,elastifile,06:18:d6:a9:2a:84,1,-80
2017-10-27 16:40:08,Lenovo PB2-690Y,32.16172752,34.80923159,13.0,1,wifi in car-0965,08:97:58:33:b1:52,2,-79
2017-10-27 16:40:11,Lenovo PB2-690Y,32.16172747,34.80923153,13.0,1,Zerto Guests,1a:5b:0e:e8:53:eb,1,-90
2017-10-27 16:40:14,Lenovo PB2-690Y,32.16172751,34.80923149,13.0,2,BigMeeting_2.4G,74:da:38:b6:ed:8c,4,-80, spot32,d2:6c:ac:04:0d:e9,1,-90
2017-10-27 16:40:17,Lenovo PB2-690Y,32.16172755,34.80923146,13.0,1,Fortify,48:a9:d2:97:71:a5,11,-83
2017-10-27 16:40:20,Lenovo PB2-690Y,32.16172754,34.80923144,13.0,2,Zero,00:1e:2a:cf:f2:10,11,-86, Guest_Wifi,a2:6c:ac:04:0d:e9,1,-88
2017-10-27 16:40:23,Lenovo PB2-690Y,32.16172913,34.80922533,8.0,1,Xerox,62:13:11:37:ec:83,10,-82
2017-10-27 16:40:25,Lenovo PB2-690Y,32.16173457,34.80921711,9.0,1,EF_Guest,16:18:d6:a9:2e:98,11,-83
2017-10-27 16:40:28,Lenovo PB2-690Y,32.16174046,34.80921967,10.0,1,CST-IL-Guest,82:2a:a8:4a:c9:37,3,-89
2017-10-27 16:40:35,Lenovo PB2-690Y,32.16174556,34.80919615,10.0,1,Disruptive WiFi Network,34:12:98:04:c4:00,6,-80
2017-10-27 16:40:40,Lenovo PB2-690Y,32.1617451,34.8091961,11.0,1,EF_Guest,56:d9:e7:d7:c6:14,1,-76
2017-10-27 16:40:44,Lenovo PB2-690Y,32.16174503,34.809196,11.0,1,Triumph,10:0d:7f:86:c9:7c,5,-78
2017-10-27 16:40:50,Lenovo PB2-690Y,32.16173619,34.80920475,11.0,3,CST-IL-Guest,82:2a:a8:d1:6a:57,11,-88, DIRECT-94-HP OfficeJet Pro 8710,c8:d3:ff:85:13:95,6,-89, snatch Wifi,70:56:81:83:53:b1,10,-89
2017-10-27 16:40:52,Lenovo PB2-690Y,32.16170811,34.80929384,16.0,2,GDLWIFI,f2:9f:c2:f1:c8:5f,1,-81, KingGeorge,10:be:f5:41:b9:84,9,-89
2017-10-27 16:40:55,Lenovo PB2-690Y,32.1618073,34.80947758,23.0,1,GD,f0:9f:c2:f1:c8:5f,1,-89
2017-10-27 16:40:57,Lenovo PB2-690Y,32.16198048,34.80961771,23.0,10,RTI 15,10:fe:ed:62:9e:5c,5,-78, Liv,00:10:f3:64:7f:a0,1,-83, Roladin,30:46:9a:23:af:c0,6,-85, Office Network,90:a7:c1:0c:4d:14,10,-85, Zerto Guests,1a:5b:0e:e8:56:cd,11,-86, HP-Print-ca-LaserJet 400 MFP,0c:84:dc:3e:43:ca,1,-87, Ezel dudi2.4,10:5a:f7:0a:2b:c1,11,-88, liv,14:cc:20:8e:97:09,10,-88, Carmel MR,10:be:f5:3a:ec:76,9,-89, A.M.P_EXT,c4:6e:1f:54:4f:75,1,-90
2017-10-27 16:41:01,Lenovo PB2-690Y,32.16233648,34.80985384,24.0,10,Office Network,90:a7:c1:0c:4d:14,10,-77, Ezel dudi2.4,10:5a:f7:0a:2b:c1,11,-82, Office Network,90:a7:c1:0c:4d:1d,36,-83, Elis,00:1d:aa:7c:76:80,11,-84, Office Network,90:a7:c1:0a:f1:28,1,-85, curvet,bc:ae:c5:c3:7f:89,11,-87, Neopharm Top,16:18:d6:cb:51:6c,1,-87, elinove,00:1e:e5:04:e5:a1,6,-88, Ezel dudi_5,10:5a:f7:0a:2b:c2,52,-88, Matrix HZ WiFi,ec:8c:a2:09:cc:f8,3,-90
2017-10-27 16:41:04,Lenovo PB2-690Y,32.16255321,34.80997916,25.0,10,Burgerim,cc:b2:55:68:13:c0,6,-83, offise2.4,48:ee:0c:3e:ad:41,8,-84, Bezeq Free,5a:b2:55:68:13:c1,6,-84, Matrix HZ WiFi,ec:8c:a2:08:f1:98,4,-86, MWTL Mobile (POMS),ec:8c:a2:88:f1:98,4,-87, vecorp,84:80:2d:ed:43:e0,1,-87, Life,94:b4:0f:d1:60:10,48,-87, MWTL,ec:8c:a2:48:f1:98,4,-88, Bezeq-n_1A01,e8:fc:af:81:1a:01,11,-89, Office Network,90:a7:c1:0c:50:50,1,-89
2017-10-27 16:41:06,Lenovo PB2-690Y,32.16273318,34.81008069,28.0,10,Bezeq-N_223921,c4:12:f5:f6:70:b6,11,-75, Partner-4G-8AB4,b0:89:00:d8:8a:b4,9,-82, elastifile,06:18:d6:a9:2a:84,1,-83, EF_Guest,16:18:d6:a9:2a:84,1,-83, CST-IL-WLAN,80:2a:a8:4a:c9:37,3,-84, 4G_UFI-E63,3a:12:2d:b9:ce:63,3,-86, elastifile,46:d9:e7:d7:c6:14,1,-86, AndroidAP,e8:50:8b:a9:ed:cc,6,-88, KingGeorge,10:be:f5:41:b9:84,9,-89, Zero,00:1e:2a:cf:f2:10,11,-89
2017-10-27 16:41:09,Lenovo PB2-690Y,32.16301273,34.81024857,31.0,10,Triumph,10:0d:7f:86:c9:7c,5,-80, Liv,00:10:f3:64:7f:a0,1,-83, Roladin,30:46:9a:23:af:c0,6,-85, HP-Print-ca-LaserJet 400 MFP,0c:84:dc:3e:43:ca,1,-85, CST-IL-Guest,82:2a:a8:4a:c9:37,3,-86, Zerto Guests,1a:5b:0e:e8:56:cd,11,-86, liv,14:cc:20:8e:97:09,10,-88, WeDiggIT,64:a5:c3:6a:07:10,11,-89, GD,f0:9f:c2:f1:c8:5f,1,-89, InternetV,c8:b3:73:57:7a:20,6,-90
2017-10-27 16:41:13,Lenovo PB2-690Y,32.16337507,34.81046587,36.0,10,Office Network,90:a7:c1:0c:4d:14,10,-77, Twistlock Guests,46:d9:e7:a5:e3:2e,1,-81, WeDiggIT,64:a5:c3:6a:07:10,11,-81, Ezel dudi2.4,10:5a:f7:0a:2b:c1,11,-82, compvision,f8:e9:03:11:b4:83,1,-82, Office Network,90:a7:c1:0c:4d:1d,36,-83, Elis,00:1d:aa:7c:76:80,11,-84, Office Network,90:a7:c1:0a:f1:28,1,-85, WeDiggIT's Lab Guest,66:a2:0b:6a:c3:a0,6,-86, curvet,bc:ae:c5:c3:7f:89,11,-87
2017-10-27 16:41:16,Lenovo PB2-690Y,32.16364015,34.81062535,33.0,10,Micasah2,74:da:38:c3:45:a5,3,-77, WeDiggIT's Lab Guest,66:f4:25:6a:c3:a0,1,-79, WeDiggIT's Lab Wi-Fi,64:a5:c3:6a:25:f4,1,-79, BezeqNGN_W02A45_2.4GHz_1,20:0c:c8:11:19:7e,1,-81, WeDiggIT's Lab Wi-Fi 5GHz,64:a5:c3:6a:0b:a2,6,-82, Burgerim,cc:b2:55:68:13:c0,6,-83, HP-Print-D6-Officejet Pro 8610,fc:15:b4:a7:c3:d6,6,-83, Bezeq Free,5a:b2:55:68:13:c1,6,-84, HP-Print-85-Color LaserJet MFP,c4:8e:8f:5f:48:85,1,-86, Techtrends,6c:f0:49:aa:44:a6,6,-86
2017-10-27 16:41:18,Lenovo PB2-690Y,32.16379535,34.81072468,33.0,6,GA-Simba,20:4e:7f:27:b9:f4,11,-82, 4G_UFI-E63,3a:12:2d:b9:ce:63,3,-86, Zero,00:1e:2a:cf:f2:10,11,-87, AndroidAP,e8:50:8b:a9:ed:cc,6,-88, TNCAPE5A34D,30:91:8f:ed:72:f7,11,-91, jct,14:ae:db:38:fa:6d,11,-92
2017-10-27 16:41:22,Lenovo PB2-690Y,32.16408098,34.81091101,35.0,10,Aoffice,00:10:f3:63:f7:67,4,-81, BezeqFree,06:ae:db:b6:59:e5,1,-82, Bezeq,00:16:e3:f1:37:7d,6,-84, HP-Print-C4-Officejet Pro 6830,70:5a:0f:02:dd:c4,6,-85, 8084789,80:37:73:e6:96:d2,1,-85, DIRECT-20-HP DeskJet 4670 series,c8:d3:ff:7c:08:21,1,-86, __Habad_2.4G,c4:a8:1d:14:58:39,1,-87, Voicesense_guest,90:6c:ac:aa:61:a2,11,-88, InternetV,c8:b3:73:57:7a:20,6,-88, Si-o-Net_5,44:94:fc:66:61:46,6,-89
2017-10-27 16:41:24,Lenovo PB2-690Y,32.16421989,34.81099135,33.0,5,HOTBOX-260D,7c:b7:33:bf:26:13,3,-83, BeeComm,80:1f:02:81:07:ec,11,-84, MIRI,70:62:b8:34:15:46,5,-84, bsh-Home-ADSL,50:57:a8:67:11:29,6,-89, Mitrelli_Guest,2c:c5:d3:50:b1:b8,6,-89
2017-10-27 16:41:28,Lenovo PB2-690Y,32.16451351,34.81122293,33.0,10,yakov,e8:fc:af:9d:79:78,11,-76, Twistlock Guests,46:d9:e7:a5:e3:2e,1,-81, WeDiggIT,64:a5:c3:6a:07:10,11,-81, compvision,f8:e9:03:11:b4:83,1,-82, Si-o-Net_5,44:94:fc:66:61:46,6,-83, WeDiggIT's Lab Guest,66:a2:0b:6a:c3:a0,6,-86, Twistlock,56:d9:e7:a5:e3:2e,1,-88, Decor-HRZ,18:d6:c7:e1:b7:cc,4,-91, Intendu,5c:83:8f:33:b9:18,1,-92, IntenduCaptive,5c:83:8f:33:b9:19,1,-94
2017-10-27 16:41:31,Lenovo PB2-690Y,32.16475405,34.81137867,33.0,10,V6_guest,3c:1e:04:08:b2:36,1,-75, Stratoscale,00:35:1a:d3:50:20,1,-76, office,14:ae:db:56:e6:d5,1,-77, StratoGuests,00:35:1a:d3:50:21,1,-77, LIAT,14:ae:db:39:31:d5,11,-79, HP-Print-D6-Officejet 6700,2c:59:e5:db:2c:d6,6,-79, podatacall2.4,c4:12:f5:f7:74:f2,9,-81, Sugarmama,2c:c5:d3:10:96:88,1,-81, AmGuest1,02:10:f3:63:f7:67,4,-82, SP(2.4),ec:08:6b:38:11:af,10,-85
2017-10-27 16:41:34,Lenovo PB2-690Y,32.16498918,34.81150309,34.0,10,DIRECT-71-HP OfficeJet 7510,64:51:06:f6:8a:7f,6,-70, Cellcom-WiFi_6549,a0:4f:d4:41:1d:e1,1,-81, David,14:ae:db:c7:78:85,1,-82, DIRECT-AD-HP OfficeJet Pro 8730,ee:8e:b5:09:8a:ad,8,-83, BezeqFree,06:ae:db:c7:78:85,1,-84, DeCarlo_EXT,d8:fe:e3:b6:de:21,10,-86, Bizur_2.4,14:ae:db:36:82:35,6,-87, Villaguest,34:08:04:04:d0:1c,6,-87, TNCAPE5A34D,30:91:8f:ed:72:f7,11,-88, AppleWiFiSecure,f0:7f:06:68:aa:6e,36,-88
2017-10-27 16:41:37,Lenovo PB2-690Y,32.16521437,34.81157186,36.0,10,StratoGuests,00:35:1a:05:9c:71,6,-77, Howazit,1c:b9:c4:0f:44:b8,8,-78, BezeqFree,06:ae:db:c7:78:85,1,-78, Bizur_2.4,14:ae:db:36:82:35,6,-79, Stratoscale,00:35:1a:05:9c:70,6,-79, Aoffice,00:10:f3:63:f7:67,4,-81, BezeqFree,06:ae:db:b6:59:e5,1,-82, InnerEye,b8:62:1f:53:a1:5c,6,-84, Bezeq,00:16:e3:f1:37:7d,6,-84, HP-Print-C4-Officejet Pro 6830,70:5a:0f:02:dd:c4,6,-85
2017-10-27 16:41:40,Lenovo PB2-690Y,32.16539992,34.81160634,38.0,10,BEZEQINT-D131,14:ae:db:55:d1:35,11,-83, AppleWifi,f0:7f:06:68:c6:6f,48,-83, Howazit,1c:b9:c4:0f:44:bc,36,-84, BeeComm,80:1f:02:81:07:ec,11,-84, BEZEQINT-2F11,14:ae:db:4e:2f:15,6,-84, MIRI,70:62:b8:34:15:46,5,-85, KD_Office_2,74:da:38:2e:ab:c9,5,-86, DIRECT-9ZCLX-3300 Series,32:cd:a7:24:99:4a,11,-87, AppleWifi,f0:7f:06:68:aa:6f,36,-87, HOTBOX-260D,7c:b7:33:bf:26:13,3,-87
2017-10-27 16:41:43,Lenovo PB2-690Y,32.16550463,34.81160987,41.0,5,HeliconBooks,e8:cc:18:eb:7b:2b,6,-80, MOBIMIGHT,00:10:f3:64:7a:ee,1,-82, KDF,a8:f7:e0:09:13:a0,11,-85, HP-Print-82-LaserJet 200 color,68:94:23:24:b1:82,6,-86,   InnovationEndeavors,74:da:38:a9:1c:df,4,-86
2017-10-27 16:41:46,Lenovo PB2-690Y,32.16550639,34.81160925,41.0,3,  InnovationEndeavors,74:da:38:a9:1c:df,4,-79, kiosk,14:ae:db:3d:28:7a,7,-81, KD_Office_3,74:da:38:b0:67:d6,4,-81
2017-10-27 16:41:49,Lenovo PB2-690Y,32.16550181,34.81160525,35.0,6,KD_Office_2,74:da:38:2e:ab:c9,5,-78, DekelE,48:ee:0c:ea:e7:c8,6,-79, Gandyr-right,74:da:38:3b:d8:08,6,-82, AppleWiFiSecure,f0:7f:06:68:c6:6e,48,-82, AppleWifi,f0:7f:06:75:02:ef,48,-84, HP-Print-CF-Officejet Pro 8600,2c:59:e5:ee:6c:cf,6,-91
2017-10-27 16:41:52,Lenovo PB2-690Y,32.165498,34.81159983,39.0,3,office_rooter_2,74:da:38:6d:45:e8,1,-84, PDTC,c8:d3:a3:21:82:29,11,-88, officeefrat,90:8d:78:53:90:8f,11,-92
2017-10-27 16:41:55,Lenovo PB2-690Y,32.16549588,34.81159578,40.0,3,Rhodium-WiFi-guest,72:3a:cb:6a:d0:4c,6,-81, ion_wireless,f8:1a:67:a2:f5:73,8,-84, Rhodium-WiFi,70:3a:cb:6a:d0:4f,6,-84
2017-10-27 16:41:58,Lenovo PB2-690Y,32.16549778,34.81159538,40.0,3,Gold_Wifi,98:fc:11:84:3b:31,1,-86, HP-Print-97-LaserJet 400 MFP,74:29:af:74:f9:97,6,-90, JOSHUA,14:ae:db:3d:c0:92,1,-90
2017-10-27 16:42:01,Lenovo PB2-690Y,32.16549769,34.8115991,40.0,1,Rhodium-WiFi-guest,72:3a:cb:6a:ca:ac,1,-89
2017-10-27 16:42:04,Lenovo PB2-690Y,32.16549745,34.81160421,38.0,3,Playrix2.4G,f2:9f:c2:91:07:b0,11,-81, TP-LINK_7EA864,f4:f2:6d:7e:a8:64,11,-90, Glilot1,18:a6:f7:51:67:f8,4,-90
2017-10-27 16:42:10,Lenovo PB2-690Y,32.1654975,34.81160667,38.0,1,RealAP,f8:e7:1e:2e:5f:a8,8,-88
2017-10-27 16:42:16,Lenovo PB2-690Y,32.16549755,34.81160693,38.0,1,Bezeq Free,62:b0:ce:2f:4b:3c,1,-88
2017-10-27 16:42:28,Lenovo PB2-690Y,32.16549844,34.81159585,34.0,1,DIRECT-9ZCLX-3300 Series,32:cd:a7:24:99:4a,11,-82
2017-10-27 16:42:31,Lenovo PB2-690Y,32.16549714,34.811607,36.0,1,AppleWifi,f0:7f:06:02:21:3f,44,-85
2017-10-27 16:42:34,Lenovo PB2-690Y,32.16550614,34.81158323,37.0,4,  InnovationEndeavors,74:da:38:a9:1c:df,4,-74, KD_Office_3,74:da:38:b0:67:d6,4,-76, AppleWiFiSecure,f0:7f:06:02:21:3e,44,-87, DekelG,48:ee:0c:ea:e7:c9,6,-88
2017-10-27 16:42:37,Lenovo PB2-690Y,32.16552205,34.81157425,33.0,1,HP-Print-97-LaserJet 400 MFP,74:29:af:74:f9:97,6,-84
2017-10-27 16:42:40,Lenovo PB2-690Y,32.16555084,34.81156753,32.0,1,HP-Print-3D-Officejet Pro 6830,70:5a:0f:03:10:3d,11,-91
2017-10-27 16:42:43,Lenovo PB2-690Y,32.1657019,34.81153294,27.0,2,Rhodium-WiFi-guest,72:3a:cb:6a:ca:a8,149,-83, Rhodium-WiFi,70:3a:cb:6a:d0:4b,149,-84
2017-10-27 16:42:46,Lenovo PB2-690Y,32.1658524,34.81141188,27.0,7,Rhodium-WiFi-guest,72:3a:cb:6a:ca:ac,1,-82, RealAP,f8:e7:1e:2e:5f:a8,8,-83, GetAlert-GW,70:3a:cb:cf:36:69,11,-84, Edimax AP,80:1f:02:5d:a4:b8,11,-87, Stratoscale,00:35:1a:d3:50:20,1,-88, StratoGuests,00:35:1a:d3:50:21,1,-89, LIAT,14:ae:db:39:31:d5,11,-89
2017-10-27 16:42:49,Lenovo PB2-690Y,32.16592741,34.81108466,30.0,10,Rhodium-WiFi-guest,72:3a:cb:6a:d0:4c,6,-72, Playrix2.4G,f2:9f:c2:91:07:b0,11,-72, Rhodium-WiFi,70:3a:cb:6a:d0:4f,6,-75, east,00:24:6c:34:dc:40,11,-81, HP-Print-82-LaserJet 200 color,68:94:23:24:b1:82,6,-81, Edimax AP,80:1f:02:5d:a4:b8,11,-81, Hyundai,14:ae:db:c8:24:1d,1,-82, Rhodium-WiFi,70:3a:cb:6a:ca:ae,1,-84, JOSHUA,14:ae:db:3d:c0:92,1,-84, Idanktv_2.4,6c:b0:ce:2f:4b:3f,1,-85
2017-10-27 16:42:52,Lenovo PB2-690Y,32.16603024,34.81070264,31.0,10,KD_Office_2,74:da:38:2e:ab:c9,5,-70, east,00:24:6c:34:dc:40,11,-74, DELL_Guest,00:24:6c:34:dc:41,11,-74, RealAP,f8:e7:1e:2e:5f:a8,8,-77, real,74:a2:e6:c3:77:71,3,-81, CORP-W1F1,84:3d:c6:c7:eb:03,9,-81, dbwguest,ce:d7:19:0e:ff:95,11,-81, Pivotal,84:3d:c6:c7:eb:0b,9,-82, EMC-Corp,84:3d:c6:c7:eb:04,9,-83, DELL_Guest,84:3d:c6:c7:eb:01,9,-83
2017-10-27 16:42:55,Lenovo PB2-690Y,32.16617002,34.81029415,30.0,10,KD_Office_3,74:da:38:b0:67:d6,4,-74, SECUBIT2017,88:dc:96:2a:5d:00,6,-76, GFCM,14:ae:db:32:d5:c2,4,-77, HP-nomodel.D169B3,02:27:f7:29:70:28,6,-78, Telekom,68:86:a7:53:76:10,6,-80, bi-lilly,68:86:a7:53:76:14,6,-80, Howazit,1c:b9:c4:0f:44:b8,8,-80, Gandyr-right,74:da:38:3b:d8:08,6,-80, bi-automation,68:86:a7:53:76:12,6,-81, Rhodium-WiFi-guest,72:3a:cb:6a:ca:ac,1,-82
2017-10-27 16:42:58,Lenovo PB2-690Y,32.1663079,34.80996014,28.0,10,Rhodium-WiFi-guest,72:3a:cb:6a:d0:4c,6,-72, Playrix2.4G,f2:9f:c2:91:07:b0,11,-75, Rhodium-WiFi,70:3a:cb:6a:d0:4f,6,-75, Training Room,8e:15:44:ac:d4:e4,6,-75, bacapital,6c:b0:ce:ab:5a:a1,1,-76, Call Center,88:15:44:ac:d4:e4,6,-77, PitaroHecht,00:02:6f:bf:86:cc,1,-77, FlixU,cc:b2:55:e5:ce:f3,6,-79, Call Center,8a:15:54:ac:d4:e4,44,-80, Pitarohecht,24:a2:e1:f2:12:76,6,-80
2017-10-27 16:43:01,Lenovo PB2-690Y,32.16643649,34.80965132,28.0,10,KD_Office_2,74:da:38:2e:ab:c9,5,-70, DELL_Guest,00:24:6c:34:dc:41,11,-74, east,00:24:6c:34:dc:40,11,-74, HP-Print-b7-LaserJet 300,34:23:87:36:c9:b7,1,-77, RealAP,f8:e7:1e:2e:5f:a8,8,-77, Ezbob_WiFi,00:02:6f:12:34:56,11,-78, Ezbob_Guest,06:02:6f:12:34:56,1,-78, CORP-W1F1,84:3d:c6:c7:eb:03,9,-81, Pivotal,84:3d:c6:c7:eb:0b,9,-82, SECUBIT2017,88:dc:96:2a:5c:fe,11,-83
2017-10-27 16:43:04,Lenovo PB2-690Y,32.16655618,34.80938792,28.0,7,Pitarohecht,00:02:6f:a6:f1:f3,1,-72, CMT-ALap,94:10:3e:a8:34:a0,36,-81, Pitarohecht,5c:83:8f:33:b9:e8,1,-85, Efrat Networks MM,94:f6:65:5b:b2:28,5,-86, 4GT,82:4c:a5:1a:65:2b,11,-87, PushApps,14:ae:db:39:b3:6d,1,-88, CMT-Guests,70:4c:a5:1a:65:2b,11,-88
2017-10-27 16:43:07,Lenovo PB2-690Y,32.16665222,34.8092036,31.0,10,SECUBIT2017,88:dc:96:2a:5d:00,6,-76, GFCM,14:ae:db:32:d5:c2,4,-77, HP-nomodel.D169B3,02:27:f7:29:70:28,6,-78, Training Room,8e:15:54:ac:d4:e4,44,-79, Telekom,68:86:a7:53:76:10,6,-80, bi-lilly,68:86:a7:53:76:14,6,-80, bi-automation,68:86:a7:53:76:12,6,-81, HP-Print-A0-LaserJet Pro MFP,30:f7:72:6e:8e:a0,6,-82, IDC-Wireless,e0:10:7f:09:2f:e8,6,-84, GFCM_5,14:ae:db:32:d5:c5,48,-86
2017-10-27 16:43:10,Lenovo PB2-690Y,32.16667408,34.80916402,30.0,1,HP-Print-A0-LaserJet Pro MFP,30:f7:72:6e:8e:a0,6,-77
2017-10-27 16:43:20,Lenovo PB2-690Y,32.16664266,34.80919318,29.0,4,Bezeq2.4,14:ae:db:b3:7b:65,6,-89, win-teuch,c4:12:f5:83:3a:88,1,-90, DBSI,1c:b9:c4:4f:2f:08,1,-90, ASUS,d0:17:c2:60:e7:38,3,-91
2017-10-27 16:43:29,Lenovo PB2-690Y,32.16659883,34.80915815,31.0,2,Kopel,00:1d:aa:e2:1a:c0,6,-90, Ezbob_Guest,0a:8d:db:65:89:a9,1,-93
2017-10-27 16:43:46,Lenovo PB2-690Y,32.16685391,34.80870372,30.0,4,RTI 15,10:fe:ed:62:9e:5c,5,-87, Candan,c0:ff:d4:7b:82:30,1,-88, kaymeraQA,00:f6:63:3a:f4:80,1,-88, bacapital,6c:b0:ce:ab:5a:a1,1,-88
2017-10-27 16:43:49,Lenovo PB2-690Y,32.16699544,34.80837223,30.0,5,CMT-ALap,94:10:3e:a8:34:a0,36,-83, Pitarohecht,00:02:6f:a6:f1:f3,1,-84, KaymeraDev,00:f6:63:3a:f4:81,1,-88, KaymeraGuest,00:f6:63:3a:f4:82,1,-89, HP-Print-b7-LaserJet 300,34:23:87:36:c9:b7,1,-89
2017-10-27 16:43:52,Lenovo PB2-690Y,32.16713001,34.8080524,30.0,7,BlueSnap-Guest-2.4GHz,00:02:6f:bb:fd:ac,1,-85, HP-Print-A0-LaserJet Pro MFP,30:f7:72:6e:8e:a0,6,-87, DBSI,1c:b9:c4:4f:2f:08,1,-87, ASUS,d0:17:c2:60:e7:38,3,-87, CArgentina,30:b5:c2:bd:55:32,2,-88, Efrat Networks NC,00:1d:aa:34:1e:58,11,-89, Bezeq2.4,14:ae:db:b3:7b:65,6,-90
2017-10-27 16:43:58,Lenovo PB2-690Y,32.16742305,34.80797478,27.0,1,Rabia,30:b5:c2:bd:51:9e,7,-94
2017-10-27 16:44:01,Lenovo PB2-690Y,32.16767541,34.8081139,25.0,5,VIKI,cc:b2:55:e9:be:78,6,-87, Sweetb_2.4.,10:5a:f7:00:91:91,11,-90, Bond-MidFloor,30:b5:c2:25:dc:ae,4,-92, Assor_wifi,14:ae:db:a4:5b:a2,9,-94, BezeqFree,14:af:db:a4:5b:a2,9,-95
2017-10-27 16:44:04,Lenovo PB2-690Y,32.1679589,34.80821265,23.0,6,Home.,a0:ab:1b:62:a7:bc,1,-88, INGENEO,cc:b2:55:e8:4c:e6,6,-89, Rabia,30:b5:c2:bd:52:40,6,-89, kaymeraQA,00:f6:63:3a:f4:80,1,-89, Candan,c0:ff:d4:7b:82:30,1,-90, Assor_wifi,18:d6:c7:fb:1a:2f,9,-96
2017-10-27 16:44:07,Lenovo PB2-690Y,32.16811955,34.80827012,24.0,3,BENY PUR,d8:fe:e3:03:c7:b1,6,-85, Bezeq-N_2db33b,fc:75:16:2d:b3:3c,6,-89, frenkel,48:ee:0c:3f:38:55,4,-92
2017-10-27 16:44:10,Lenovo PB2-690Y,32.16811582,34.80839219,24.0,2,shogol,fc:b4:e6:d1:a8:ce,1,-92, ORBI Tal,a2:3d:cf:fb:0c:b8,8,-94
2017-10-27 16:44:13,Lenovo PB2-690Y,32.16806933,34.80861988,22.0,4,susanne,14:ae:db:b5:94:35,11,-91, cohen,cc:b2:55:68:0b:2a,6,-93, Bezeq Free,52:62:b8:32:9d:ec,6,-93, EL,14:ae:db:3d:b1:52,9,-94
2017-10-27 16:44:16,Lenovo PB2-690Y,32.16801169,34.8089357,22.0,3,ruth22,8c:59:c3:ea:2c:22,1,-86, cohen,cc:b2:55:68:0b:2a,6,-86, Tami1975 2.4 !,70:62:b8:32:9d:ef,6,-92
2017-10-27 16:44:19,Lenovo PB2-690Y,32.16794249,34.80927624,23.0,9,Bezeq-N_2db33b,fc:75:16:2d:b3:3c,6,-86, INGENEO,cc:b2:55:e8:4c:e6,6,-87, Candan,c0:ff:d4:7b:82:30,1,-89, frenkel,48:ee:0c:3f:38:55,4,-90, Bond-MidFloor,30:b5:c2:25:dc:ae,4,-92, TP-LINK_B573C0,30:b5:c2:b5:73:c0,4,-92, BezeqFree,14:af:db:a4:5b:a2,9,-93, Assor_wifi,14:ae:db:a4:5b:a2,9,-94, Assor_wifi,18:d6:c7:fb:1a:2f,9,-96
2017-10-27 16:44:22,Lenovo PB2-690Y,32.16788634,34.80957568,23.0,5,Erez Man,e4:8d:8c:7f:3d:0d,1,-82, shogol,fc:b4:e6:d1:a8:ce,1,-89, Erez Man,6c:3b:6b:76:4e:e1,1,-90, Coffee.LAN,90:6c:ac:21:35:8b,11,-91, ORBI Tal,a2:3d:cf:fb:0c:b8,8,-94
2017-10-27 16:44:25,Lenovo PB2-690Y,32.16783602,34.80980176,26.0,4,Erez Man,e4:8d:8c:7f:3d:0d,1,-77, Bezeq Free,52:62:b8:32:9d:ec,6,-92, susanne,14:ae:db:b5:94:35,11,-93, EL,14:ae:db:3d:b1:52,9,-94
2017-10-27 16:44:28,Lenovo PB2-690Y,32.16777844,34.80989215,25.0,1,888Corp,8e:15:54:a9:32:e6,40,-88